{
  "leftEye": {
    "ellipseMinorAxis": 0.24494899809360505,
    "ellipseMajorAxis": 0.3099985122680664,
    "screenForward": {
      "x": 0.45695191621780398,
      "y": -0.349651575088501,
      "z": 0.8178867697715759
    },
    "screenPosition": {
      "x": -0.07236948609352112,
      "y": -0.0011293116258457304,
      "z": 0.020335836336016656
    },
    "eyePosition": {
      "x": -0.03200000151991844,
      "y": -3.8054834838874289e-9,
      "z": 0.0
    },
    "eyeRotation": {
      "x": 0.0,
      "y": 8.881784197001253e-16,
      "z": 5.662137425588298e-15,
      "w": 1.0
    },
    "cameraProjection": {
      "x": -0.699999988079071,
      "y": 0.699999988079071,
      "z": 0.30000001192092898,
      "w": -1.399999976158142
    },
    "sphereToWorldSpace": {
      "e00": 0.05101074278354645,
      "e01": 0.060713399201631549,
      "e02": 0.29330453276634219,
      "e03": -0.11615147441625595,
      "e10": 1.8250122524321455e-9,
      "e11": 0.23695313930511475,
      "e12": -0.0785590261220932,
      "e13": 0.031190810725092889,
      "e20": -0.23957863450050355,
      "e21": 0.012927014380693436,
      "e22": 0.06244999170303345,
      "e23": -0.055229514837265018,
      "e30": 0.0,
      "e31": 0.0,
      "e32": 0.0,
      "e33": 1.0
    },
    "worldToScreenSpace": {
      "e00": 3.112661838531494,
      "e01": 14.183712005615235,
      "e02": 4.3245849609375,
      "e03": 0.15333551168441773,
      "e10": -17.483694076538087,
      "e11": 0.7595703601837158,
      "e12": 10.092830657958985,
      "e13": -1.4696743488311768,
      "e20": 0.45695191621780398,
      "e21": -0.349651575088501,
      "e22": 0.8178867101669312,
      "e23": 0.01604210026562214,
      "e30": 0.0,
      "e31": 0.0,
      "e32": 0.0,
      "e33": 1.0
    }
  },
  "rightEye": {
    "ellipseMinorAxis": 0.24494899809360505,
    "ellipseMajorAxis": 0.3099985122680664,
    "screenForward": {
      "x": -0.45695146918296816,
      "y": -0.3496518135070801,
      "z": 0.8178868889808655
    },
    "screenPosition": {
      "x": 0.0723695158958435,
      "y": -0.0011293035931885243,
      "z": 0.020335881039500238
    },
    "eyePosition": {
      "x": 0.03200000151991844,
      "y": -3.8054834838874289e-9,
      "z": 0.0
    },
    "eyeRotation": {
      "x": 0.0,
      "y": 8.881784197001253e-16,
      "z": 5.662137425588298e-15,
      "w": 1.0
    },
    "cameraProjection": {
      "x": -0.699999988079071,
      "y": 0.699999988079071,
      "z": 0.30000001192092898,
      "w": -1.399999976158142
    },
    "sphereToWorldSpace": {
      "e00": 0.051010772585868838,
      "e01": -0.06071339547634125,
      "e02": -0.29330453276634219,
      "e03": 0.11615147441625595,
      "e10": 3.650024504864291e-9,
      "e11": 0.23695313930511475,
      "e12": -0.0785590261220932,
      "e13": 0.03119080699980259,
      "e20": 0.23957861959934236,
      "e21": 0.012927016243338585,
      "e22": 0.06245002895593643,
      "e23": -0.05522953346371651,
      "e30": 0.0,
      "e31": 0.0,
      "e32": 0.0,
      "e33": 1.0
    },
    "worldToScreenSpace": {
      "e00": -3.112668514251709,
      "e01": 14.18371295928955,
      "e02": 4.324586868286133,
      "e03": 0.15333575010299684,
      "e10": -17.483699798583986,
      "e11": -0.7595800757408142,
      "e12": -10.092824935913086,
      "e13": 1.4696756601333619,
      "e20": -0.4569515883922577,
      "e21": -0.34965190291404726,
      "e22": 0.8178870677947998,
      "e23": 0.01604204624891281,
      "e30": 0.0,
      "e31": 0.0,
      "e32": 0.0,
      "e33": 1.0
    }
  },
  "leapTracker": {
    "name": "Leap Provider",
    "serial": "",
    "localPose": {
      "position": {
        "x": 0.0,
        "y": -0.029999999329447748,
        "z": 0.20000000298023225
      },
      "rotation": {
        "x": -0.08715568482875824,
        "y": -3.995020314562225e-9,
        "z": -4.003000242391863e-7,
        "w": -0.9961947202682495
      }
    }
  }
}